Condition","ParticipantID","Test"," "Task Start Time","Task End Time","Delta Time"
Veridical","6","T1","19:11:34:780","19:12:07:031","00:00:32.2507818"
Veridical","6","T1","19:12:08:020","19:12:32:579","00:00:24.5580948"
Veridical","6","T1","19:12:33:352","19:12:52:083","00:00:18.7307392"
Veridical","6","T1","19:12:52:600","19:13:13:824","00:00:21.2237984"
Veridical","6","T1","19:13:14:510","19:13:31:111","00:00:16.6011456"
Veridical","6","T1","19:13:31:822","19:13:48:661","00:00:16.8389809"
